"","Year","Advance","Development","Final","Rent"
"1",2019,199858.973466641,0,0,20767.4899971742
"2",2020,234802.954517751,0,0,85846.289808674
"3",2021,176474.234287966,0,0,141723.386912699
"4",2022,190448.008953202,0,0,200665.292469147
"5",2023,147755.947330445,0,0,257798.856392396
"6",2024,12658.8410575661,0,0,42180.7482185007
