"","Year","Advance","Development","Final","Rent"
"1",2019,6974.54364655042,13949.0872931008,6974.54364655042,5579.63491724034
"2",2020,58619.9982013377,74455.2899586454,23057.1959747211,42319.0232068102
"3",2021,54506.9763234487,113654.571866355,63603.986282821,147705.621487833
"4",2022,32337.649146224,102819.38551702,58803.4414134683,306046.632936197
"5",2023,35359.9264315411,52481.1168877996,26240.5584438998,401627.020813374
"6",2024,0,18238.7359752826,9119.3679876413,66987.1797312193
