"","Year","Advance","Development","Final","Rent"
"1",2019,144595.253590966,190555.158472552,67303.1304113913,22572.9004936679
"2",2020,58880.9988115802,192725.190885069,120302.596945791,316570.412752107
"3",2021,56144.4124933111,128104.781876898,58266.5900635805,488370.475335496
"4",2022,8772.86770971072,7856.19855719676,13748.3474750943,617590.25676002
"5",2023,87471.2563304811,133802.586414916,45821.8621612624,657247.026263767
"6",2024,0,58685.6616654675,50422.2618789295,132782.313189266
