"","Year","Advance","Development","Final","Rent"
"1",2019,140971.725774818,222929.094106558,52450.1896102004,31470.1137661202
"2",2020,129951.83597009,318918.029383258,218473.372134707,306811.142086661
"3",2021,0,0,0,650216.548187778
"4",2022,116507.834312522,233015.668625044,116507.834312522,690944.820492429
"5",2023,98724.1091853139,170252.017548127,30733.6071290617,929835.350537831
"6",2024,0,27196.2008225009,67990.5020562522,185052.551332285
