"","Year","Advance","Development","Final","Rent"
"1",2019,357074.619772014,142829.847908806,0,0
"2",2020,403919.478488046,1379158.34861131,760994.09826006,80783.8956976093
"3",2021,431427.645978007,215713.822989004,0,1826385.83582414
"4",2022,332010.170546562,686201.489031313,431427.645978007,1826385.83582414
"5",2023,0,468720.240771618,0,2861812.18617136
"6",2024,378449.355009505,572534.370767661,332010.170546562,528988.870216243
"7",2025,0,340604.419508554,378449.355009505,151379.742003802
