"","Year","Advance","Development","Final","Rent"
"1",2019,639162.457251139,463394.723991799,0,0
"2",2020,0,728423.32680987,293135.002448704,410389.003428185
"3",2021,708332.744378696,1177474.36951546,346027.454802436,1395578.91548176
"4",2022,341807.873829758,553569.89882905,708332.744378696,2865129.48137704
"5",2023,312441.367867151,551879.637270595,341807.873829758,3780881.08203922
"6",2024,0,528746.930236717,312441.367867151,676135.045851493
