"","Year","Rent"
"1",2019,0
"2",2020,7533379.96464569
"3",2021,49119251.6593202
"4",2022,68602605.3671239
"5",2023,86120893.5870213
"6",2024,15619504.3234504
